{
  "id": "172.23.0.1_1763299595",
  "peer": "172.23.0.1",
  "peer_port": 56660,
  "start": "2025-11-16T13:26:35.819709Z",
  "events": [
    {
      "ts": "2025-11-16T13:26:35.819881Z",
      "dir": "send",
      "data": "SSH-2.0-OpenSSH_7.4p1\r\n"
    },
    {
      "ts": "2025-11-16T13:26:35.819921Z",
      "dir": "send",
      "data": "login: "
    },
    {
      "ts": "2025-11-16T13:26:51.472989Z",
      "dir": "recv",
      "data": "root\n"
    },
    {
      "ts": "2025-11-16T13:26:51.473130Z",
      "dir": "send",
      "data": "password: "
    },
    {
      "ts": "2025-11-16T13:27:07.286992Z",
      "dir": "recv",
      "data": "<REDACTED_PASSWORD>\n"
    },
    {
      "ts": "2025-11-16T13:27:07.287110Z",
      "dir": "send",
      "data": "bash-5.0$ "
    },
    {
      "ts": "2025-11-16T13:27:20.445006Z",
      "dir": "recv",
      "data": "ls -al\n"
    },
    {
      "ts": "2025-11-16T13:27:20.445144Z",
      "dir": "send",
      "data": "bash-5.0$ "
    },
    {
      "ts": "2025-11-16T13:27:24.348819Z",
      "dir": "recv",
      "data": "whoami\n"
    },
    {
      "ts": "2025-11-16T13:27:24.348925Z",
      "dir": "send",
      "data": "bash-5.0$ "
    },
    {
      "ts": "2025-11-16T13:27:27.669877Z",
      "dir": "recv",
      "data": "exit\n"
    },
    {
      "ts": "2025-11-16T13:27:27.670035Z",
      "dir": "send",
      "data": "logout"
    }
  ],
  "creds": [
    {
      "ts": "2025-11-16T13:27:07.287012Z",
      "username": "root",
      "password": "password123"
    }
  ],
  "end": "2025-11-16T13:27:27.670046Z"
}